-- LuxPads sample data (matches prisma/seed.ts demo content)
-- Import AFTER migrations: mysql -u USER -p DATABASE < deploy/luxpads-sample-data.sql
-- Demo password for all accounts below: LuxPads!demo123

SET FOREIGN_KEY_CHECKS=0;
SET NAMES utf8mb4;

DELETE FROM `Message`;
DELETE FROM `Conversation`;
DELETE FROM `AdminAction`;
DELETE FROM `Favorite`;
DELETE FROM `AvailabilityBlock`;
DELETE FROM `ListingAmenity`;
DELETE FROM `ListingImage`;
DELETE FROM `Listing`;
DELETE FROM `OwnerProfile`;
DELETE FROM `User`;
DELETE FROM `FeaturedDestination`;
DELETE FROM `Amenity`;

SET FOREIGN_KEY_CHECKS=1;

INSERT INTO `Amenity` (`id`,`slug`,`label`,`category`,`sortOrder`) VALUES ('cseedamenpool00000000001','pool','Heated pool','Outdoor',0);
INSERT INTO `Amenity` (`id`,`slug`,`label`,`category`,`sortOrder`) VALUES ('cseedamenhtub00000000001','hot-tub','Hot tub','Outdoor',0);
INSERT INTO `Amenity` (`id`,`slug`,`label`,`category`,`sortOrder`) VALUES ('cseedamenckit00000000001','chef-kitchen','Chef''s kitchen','Interior',0);
INSERT INTO `Amenity` (`id`,`slug`,`label`,`category`,`sortOrder`) VALUES ('cseedamenwcel00000000001','wine-cellar','Wine cellar','Interior',0);
INSERT INTO `Amenity` (`id`,`slug`,`label`,`category`,`sortOrder`) VALUES ('cseedamenhthe00000000001','home-theater','Private theater','Interior',0);
INSERT INTO `Amenity` (`id`,`slug`,`label`,`category`,`sortOrder`) VALUES ('cseedamengym000000000001','gym','Fitness studio','Wellness',0);
INSERT INTO `Amenity` (`id`,`slug`,`label`,`category`,`sortOrder`) VALUES ('cseedamenfpl00000000001','fireplace','Statement fireplace','Interior',0);
INSERT INTO `Amenity` (`id`,`slug`,`label`,`category`,`sortOrder`) VALUES ('cseedamenevc00000000001','ev-charging','EV charging','Parking',0);
INSERT INTO `Amenity` (`id`,`slug`,`label`,`category`,`sortOrder`) VALUES ('cseedamenskil0000000001','ski-locker','Ski locker / mudroom','Outdoor',0);
INSERT INTO `Amenity` (`id`,`slug`,`label`,`category`,`sortOrder`) VALUES ('cseedamenocean000000001','ocean-view','Ocean views','Outdoor',0);
INSERT INTO `Amenity` (`id`,`slug`,`label`,`category`,`sortOrder`) VALUES ('cseedamenfpit00000000001','fire-pit','Fire pit','Outdoor',0);
INSERT INTO `Amenity` (`id`,`slug`,`label`,`category`,`sortOrder`) VALUES ('cseedamenopat00000000001','outdoor-furnished-patio','Outdoor furnished patio','Outdoor',0);
INSERT INTO `Amenity` (`id`,`slug`,`label`,`category`,`sortOrder`) VALUES ('cseedamenmvue00000000001','mountain-views','Mountain views','Outdoor',0);
INSERT INTO `Amenity` (`id`,`slug`,`label`,`category`,`sortOrder`) VALUES ('cseedamencvue00000000001','city-views','City views','Outdoor',0);
INSERT INTO `Amenity` (`id`,`slug`,`label`,`category`,`sortOrder`) VALUES ('cseedamenebike0000000001','ebikes-scooters','eBikes / eScooters','Outdoor',0);
INSERT INTO `Amenity` (`id`,`slug`,`label`,`category`,`sortOrder`) VALUES ('cseedamenobbq00000000001','outdoor-bbq','Outdoor BBQ','Outdoor',0);
INSERT INTO `Amenity` (`id`,`slug`,`label`,`category`,`sortOrder`) VALUES ('cseedamensaun00000000001','sauna','Sauna','Wellness',0);
INSERT INTO `Amenity` (`id`,`slug`,`label`,`category`,`sortOrder`) VALUES ('cseedamencplu00000000001','cold-plunge','Cold plunge','Wellness',0);
INSERT INTO `Amenity` (`id`,`slug`,`label`,`category`,`sortOrder`) VALUES ('cseedamentrai00000000001','trail-access','Trail access','Outdoor',0);
INSERT INTO `Amenity` (`id`,`slug`,`label`,`category`,`sortOrder`) VALUES ('cseedamendtwk00000000001','downtown-walkable','Downtown walkable','Outdoor',0);
INSERT INTO `Amenity` (`id`,`slug`,`label`,`category`,`sortOrder`) VALUES ('cseedamengolf0000000001','golf','Golf access','Outdoor',1000);

INSERT INTO `User` (`id`,`email`,`emailVerified`,`passwordHash`,`name`,`phone`,`role`,`suspended`,`createdAt`,`updatedAt`) VALUES ('cseedusradmin00000000001','admin@luxpads.co',NULL,'$2b$12$jWmZyv7QSfo33Ehg7pqzIep3zVZuwKVEGDufws.uGa/f5REdJ98Hm','LuxPads Admin',NULL,'admin',0,CURRENT_TIMESTAMP(3),CURRENT_TIMESTAMP(3));
INSERT INTO `User` (`id`,`email`,`emailVerified`,`passwordHash`,`name`,`phone`,`role`,`suspended`,`createdAt`,`updatedAt`) VALUES ('cseedusrowner1000000001','owner1@luxpads.co',NULL,'$2b$12$jWmZyv7QSfo33Ehg7pqzIep3zVZuwKVEGDufws.uGa/f5REdJ98Hm','Elena Whitmore','+1 310 555 0142','owner',0,CURRENT_TIMESTAMP(3),CURRENT_TIMESTAMP(3));
INSERT INTO `User` (`id`,`email`,`emailVerified`,`passwordHash`,`name`,`phone`,`role`,`suspended`,`createdAt`,`updatedAt`) VALUES ('cseedusrowner2000000001','owner2@luxpads.co',NULL,'$2b$12$jWmZyv7QSfo33Ehg7pqzIep3zVZuwKVEGDufws.uGa/f5REdJ98Hm','Marcus Chen',NULL,'owner',0,CURRENT_TIMESTAMP(3),CURRENT_TIMESTAMP(3));
INSERT INTO `User` (`id`,`email`,`emailVerified`,`passwordHash`,`name`,`phone`,`role`,`suspended`,`createdAt`,`updatedAt`) VALUES ('cseedusrowner3000000001','owner3@luxpads.co',NULL,'$2b$12$jWmZyv7QSfo33Ehg7pqzIep3zVZuwKVEGDufws.uGa/f5REdJ98Hm','Sofia Navarro',NULL,'owner',0,CURRENT_TIMESTAMP(3),CURRENT_TIMESTAMP(3));
INSERT INTO `User` (`id`,`email`,`emailVerified`,`passwordHash`,`name`,`phone`,`role`,`suspended`,`createdAt`,`updatedAt`) VALUES ('cseedusrrenter000000001','renter@luxpads.co',NULL,'$2b$12$jWmZyv7QSfo33Ehg7pqzIep3zVZuwKVEGDufws.uGa/f5REdJ98Hm','Jordan Lee',NULL,'renter',0,CURRENT_TIMESTAMP(3),CURRENT_TIMESTAMP(3));

INSERT INTO `OwnerProfile` (`id`,`userId`,`displayName`,`bio`,`contactEmail`,`contactPhone`,`createdAt`,`updatedAt`) VALUES ('cseedprofowner10000000001','cseedusrowner1000000001','Whitmore Estates','Curated mountain and coastal homes for memorable stays.','owner1@luxpads.co','+1 310 555 0142',CURRENT_TIMESTAMP(3),CURRENT_TIMESTAMP(3));
INSERT INTO `OwnerProfile` (`id`,`userId`,`displayName`,`bio`,`contactEmail`,`contactPhone`,`createdAt`,`updatedAt`) VALUES ('cseedprofowner20000000001','cseedusrowner2000000001','Chen Collective','Architect-led residences across the Mountain West and wine country.','owner2@luxpads.co',NULL,CURRENT_TIMESTAMP(3),CURRENT_TIMESTAMP(3));
INSERT INTO `OwnerProfile` (`id`,`userId`,`displayName`,`bio`,`contactEmail`,`contactPhone`,`createdAt`,`updatedAt`) VALUES ('cseedprofowner30000000001','cseedusrowner3000000001','Navarro Villas','Desert modernism and coastal calm—always owner-managed.','owner3@luxpads.co',NULL,CURRENT_TIMESTAMP(3),CURRENT_TIMESTAMP(3));

INSERT INTO `Listing` (`id`,`ownerId`,`slug`,`title`,`summary`,`description`,`propertyType`,`addressLine1`,`city`,`state`,`country`,`postalCode`,`latitude`,`longitude`,`maxGuests`,`bedrooms`,`bathrooms`,`beds`,`sleepingArrangements`,`houseRules`,`checkInOut`,`cancellationPolicy`,`nightlyRateCents`,`cleaningFeeNote`,`minNights`,`status`,`featured`,`createdAt`,`updatedAt`) VALUES ('cseedlistaspen00000000001','cseedusrowner1000000001','aspen-ridge-glass-house','Aspen Ridge Glass House','Floor-to-ceiling views, quiet ridge line, minutes to downtown Aspen.','A sculptural retreat wrapped in glass and warm oak. Designed for mountain-town entertaining with a quiet, residential feel. Heated terraces, radiant floors, and a pantry ready for private chef service.','Mountain Lodge','1200 Ridge Road','Aspen','Colorado','United States','81611',39.1911,-106.8175,10,5,5.5,6,'Primary suite with king; four guest suites; media room with queen sleeper.','No events without prior approval. Quiet hours after 11pm. No smoking indoors.','Check-in 4pm / Check-out 11am. Smart lock details sent after inquiry.','Cancellations handled directly with the homeowner per signed agreement.',420000,'Professional turnover billed directly by the homeowner.',4,'published',1,CURRENT_TIMESTAMP(3),CURRENT_TIMESTAMP(3));
INSERT INTO `ListingImage` (`id`,`listingId`,`url`,`sortOrder`,`alt`,`createdAt`) VALUES ('cseedimg000001','cseedlistaspen00000000001','https://images.unsplash.com/photo-1600596542815-ffad4c1539a9?w=1600&q=80',0,'Aspen Ridge Glass House',CURRENT_TIMESTAMP(3));
INSERT INTO `ListingImage` (`id`,`listingId`,`url`,`sortOrder`,`alt`,`createdAt`) VALUES ('cseedimg000002','cseedlistaspen00000000001','https://images.unsplash.com/photo-1600585154340-be6161a56a0c?w=1600&q=80',1,'Aspen Ridge Glass House',CURRENT_TIMESTAMP(3));
INSERT INTO `ListingAmenity` (`listingId`,`amenityId`) VALUES ('cseedlistaspen00000000001','cseedamenpool00000000001');
INSERT INTO `ListingAmenity` (`listingId`,`amenityId`) VALUES ('cseedlistaspen00000000001','cseedamenhtub00000000001');
INSERT INTO `ListingAmenity` (`listingId`,`amenityId`) VALUES ('cseedlistaspen00000000001','cseedamenckit00000000001');
INSERT INTO `ListingAmenity` (`listingId`,`amenityId`) VALUES ('cseedlistaspen00000000001','cseedamenfpl00000000001');
INSERT INTO `ListingAmenity` (`listingId`,`amenityId`) VALUES ('cseedlistaspen00000000001','cseedamenskil0000000001');
INSERT INTO `AvailabilityBlock` (`id`,`listingId`,`startDate`,`endDate`,`type`,`note`,`createdAt`) VALUES ('cseedavail0001booked','cseedlistaspen00000000001','2026-01-20','2026-01-28','booked','Private booking',CURRENT_TIMESTAMP(3));
INSERT INTO `AvailabilityBlock` (`id`,`listingId`,`startDate`,`endDate`,`type`,`note`,`createdAt`) VALUES ('cseedavail0002block','cseedlistaspen00000000001','2026-02-10','2026-02-14','booked','Owner maintenance',CURRENT_TIMESTAMP(3));
INSERT INTO `Listing` (`id`,`ownerId`,`slug`,`title`,`summary`,`description`,`propertyType`,`addressLine1`,`city`,`state`,`country`,`postalCode`,`latitude`,`longitude`,`maxGuests`,`bedrooms`,`bathrooms`,`beds`,`sleepingArrangements`,`houseRules`,`checkInOut`,`cancellationPolicy`,`nightlyRateCents`,`cleaningFeeNote`,`minNights`,`status`,`featured`,`createdAt`,`updatedAt`) VALUES ('cseedlistmalibu0000000001','cseedusrowner1000000001','malibu-pacific-residence','Malibu Pacific Residence','Cliffside calm, endless Pacific light, and a kitchen made for long weekends.','Soft limestone, wide decks, and a primary suite that opens to the horizon. Ideal for small teams or families seeking privacy with quick access to coastal trails and Malibu''s creative scene.','Beach House','28800 Pacific Coast Highway','Malibu','California','United States','90265',34.0259,-118.7798,8,4,4,5,'Two oceanfront king suites; two queen rooms; office with daybed.','Outdoor music low after 9pm. No commercial shoots without approval.','Gated entry; concierge greeting available on request.','Owner-managed; terms confirmed in writing before payment.',385000,'Beach path rinse station; housekeeping coordinated with owner.',3,'published',1,CURRENT_TIMESTAMP(3),CURRENT_TIMESTAMP(3));
INSERT INTO `ListingImage` (`id`,`listingId`,`url`,`sortOrder`,`alt`,`createdAt`) VALUES ('cseedimg000003','cseedlistmalibu0000000001','https://images.unsplash.com/photo-1613490493576-7fde63acd811?w=1600&q=80',0,'Malibu Pacific Residence',CURRENT_TIMESTAMP(3));
INSERT INTO `ListingImage` (`id`,`listingId`,`url`,`sortOrder`,`alt`,`createdAt`) VALUES ('cseedimg000004','cseedlistmalibu0000000001','https://images.unsplash.com/photo-1600607687939-ce8a6c25118c?w=1600&q=80',1,'Malibu Pacific Residence',CURRENT_TIMESTAMP(3));
INSERT INTO `ListingAmenity` (`listingId`,`amenityId`) VALUES ('cseedlistmalibu0000000001','cseedamenocean000000001');
INSERT INTO `ListingAmenity` (`listingId`,`amenityId`) VALUES ('cseedlistmalibu0000000001','cseedamenckit00000000001');
INSERT INTO `ListingAmenity` (`listingId`,`amenityId`) VALUES ('cseedlistmalibu0000000001','cseedamenhtub00000000001');
INSERT INTO `ListingAmenity` (`listingId`,`amenityId`) VALUES ('cseedlistmalibu0000000001','cseedamenevc00000000001');
INSERT INTO `AvailabilityBlock` (`id`,`listingId`,`startDate`,`endDate`,`type`,`note`,`createdAt`) VALUES ('cseedavail0003booked','cseedlistmalibu0000000001','2026-01-20','2026-01-28','booked','Private booking',CURRENT_TIMESTAMP(3));
INSERT INTO `AvailabilityBlock` (`id`,`listingId`,`startDate`,`endDate`,`type`,`note`,`createdAt`) VALUES ('cseedavail0004block','cseedlistmalibu0000000001','2026-02-10','2026-02-14','booked','Owner maintenance',CURRENT_TIMESTAMP(3));
INSERT INTO `Listing` (`id`,`ownerId`,`slug`,`title`,`summary`,`description`,`propertyType`,`addressLine1`,`city`,`state`,`country`,`postalCode`,`latitude`,`longitude`,`maxGuests`,`bedrooms`,`bathrooms`,`beds`,`sleepingArrangements`,`houseRules`,`checkInOut`,`cancellationPolicy`,`nightlyRateCents`,`cleaningFeeNote`,`minNights`,`status`,`featured`,`createdAt`,`updatedAt`) VALUES ('cseedlistnapa000000000001','cseedusrowner2000000001','napa-vineyard-estate','Napa Vineyard Estate','Rows of cabernet at your doorstep, a cellar for collectors, and slow mornings on the terrace.','A wine country compound with a chef''s kitchen, outdoor hearth, and guest house. Perfect for long weekends that spill into Monday tastings.','Wine Country Retreat','1400 Silverado Trail','Napa','California','United States','94558',38.3492,-122.2841,12,6,6,7,'Main house five suites; detached casita with king.','No parties over 20 guests. Pool fence alarms must remain armed.','4pm arrival; vineyard walkthrough optional day one.','Direct with homeowner; peak weekends may require deposit.',450000,'Estate fee disclosed in owner agreement.',3,'published',0,CURRENT_TIMESTAMP(3),CURRENT_TIMESTAMP(3));
INSERT INTO `ListingImage` (`id`,`listingId`,`url`,`sortOrder`,`alt`,`createdAt`) VALUES ('cseedimg000005','cseedlistnapa000000000001','https://images.unsplash.com/photo-1600585154526-990dced4db0d?w=1600&q=80',0,'Napa Vineyard Estate',CURRENT_TIMESTAMP(3));
INSERT INTO `ListingImage` (`id`,`listingId`,`url`,`sortOrder`,`alt`,`createdAt`) VALUES ('cseedimg000006','cseedlistnapa000000000001','https://images.unsplash.com/photo-1600566753190-17f0baa2a6c3?w=1600&q=80',1,'Napa Vineyard Estate',CURRENT_TIMESTAMP(3));
INSERT INTO `ListingAmenity` (`listingId`,`amenityId`) VALUES ('cseedlistnapa000000000001','cseedamenwcel00000000001');
INSERT INTO `ListingAmenity` (`listingId`,`amenityId`) VALUES ('cseedlistnapa000000000001','cseedamenpool00000000001');
INSERT INTO `ListingAmenity` (`listingId`,`amenityId`) VALUES ('cseedlistnapa000000000001','cseedamenckit00000000001');
INSERT INTO `ListingAmenity` (`listingId`,`amenityId`) VALUES ('cseedlistnapa000000000001','cseedamenfpl00000000001');
INSERT INTO `ListingAmenity` (`listingId`,`amenityId`) VALUES ('cseedlistnapa000000000001','cseedamengolf0000000001');
INSERT INTO `AvailabilityBlock` (`id`,`listingId`,`startDate`,`endDate`,`type`,`note`,`createdAt`) VALUES ('cseedavail0005booked','cseedlistnapa000000000001','2026-01-20','2026-01-28','booked','Private booking',CURRENT_TIMESTAMP(3));
INSERT INTO `AvailabilityBlock` (`id`,`listingId`,`startDate`,`endDate`,`type`,`note`,`createdAt`) VALUES ('cseedavail0006block','cseedlistnapa000000000001','2026-02-10','2026-02-14','booked','Owner maintenance',CURRENT_TIMESTAMP(3));
INSERT INTO `Listing` (`id`,`ownerId`,`slug`,`title`,`summary`,`description`,`propertyType`,`addressLine1`,`city`,`state`,`country`,`postalCode`,`latitude`,`longitude`,`maxGuests`,`bedrooms`,`bathrooms`,`beds`,`sleepingArrangements`,`houseRules`,`checkInOut`,`cancellationPolicy`,`nightlyRateCents`,`cleaningFeeNote`,`minNights`,`status`,`featured`,`createdAt`,`updatedAt`) VALUES ('cseedlistscotts0000000001','cseedusrowner3000000001','scottsdale-desert-atrium','Scottsdale Desert Atrium','Courtyard pools, soft desert light, and resort-quiet privacy.','Indoor-outdoor living with rammed earth tones, a 50-foot pool, and a gym bathed in morning sun. Built for extended spring and winter escapes.','Desert Oasis','6120 Desert Fairways Drive','Scottsdale','Arizona','United States','85251',33.4942,-111.9261,10,5,5,6,'Casita suite; four interior suites; bunk room optional for families.','No glass near pool. Pets considered case-by-case.','Smart home tutorial on arrival.','Owner-managed; peak weeks are firm once contracted.',275000,'Pool heat optional; owner quotes seasonally.',4,'published',1,CURRENT_TIMESTAMP(3),CURRENT_TIMESTAMP(3));
INSERT INTO `ListingImage` (`id`,`listingId`,`url`,`sortOrder`,`alt`,`createdAt`) VALUES ('cseedimg000007','cseedlistscotts0000000001','https://images.unsplash.com/photo-1600047509807-ba8f99d2cdde?w=1600&q=80',0,'Scottsdale Desert Atrium',CURRENT_TIMESTAMP(3));
INSERT INTO `ListingImage` (`id`,`listingId`,`url`,`sortOrder`,`alt`,`createdAt`) VALUES ('cseedimg000008','cseedlistscotts0000000001','https://images.unsplash.com/photo-1600607687644-c7171b42498f?w=1600&q=80',1,'Scottsdale Desert Atrium',CURRENT_TIMESTAMP(3));
INSERT INTO `ListingAmenity` (`listingId`,`amenityId`) VALUES ('cseedlistscotts0000000001','cseedamenpool00000000001');
INSERT INTO `ListingAmenity` (`listingId`,`amenityId`) VALUES ('cseedlistscotts0000000001','cseedamengym000000000001');
INSERT INTO `ListingAmenity` (`listingId`,`amenityId`) VALUES ('cseedlistscotts0000000001','cseedamenckit00000000001');
INSERT INTO `ListingAmenity` (`listingId`,`amenityId`) VALUES ('cseedlistscotts0000000001','cseedamenevc00000000001');
INSERT INTO `AvailabilityBlock` (`id`,`listingId`,`startDate`,`endDate`,`type`,`note`,`createdAt`) VALUES ('cseedavail0007booked','cseedlistscotts0000000001','2026-01-20','2026-01-28','booked','Private booking',CURRENT_TIMESTAMP(3));
INSERT INTO `AvailabilityBlock` (`id`,`listingId`,`startDate`,`endDate`,`type`,`note`,`createdAt`) VALUES ('cseedavail0008block','cseedlistscotts0000000001','2026-02-10','2026-02-14','booked','Owner maintenance',CURRENT_TIMESTAMP(3));
INSERT INTO `Listing` (`id`,`ownerId`,`slug`,`title`,`summary`,`description`,`propertyType`,`addressLine1`,`city`,`state`,`country`,`postalCode`,`latitude`,`longitude`,`maxGuests`,`bedrooms`,`bathrooms`,`beds`,`sleepingArrangements`,`houseRules`,`checkInOut`,`cancellationPolicy`,`nightlyRateCents`,`cleaningFeeNote`,`minNights`,`status`,`featured`,`createdAt`,`updatedAt`) VALUES ('cseedlistjackson000000001','cseedusrowner2000000001','jackson-hole-timber-peaks','Jackson Hole Timber Peaks','Reclaimed timber great room, Teton glimpses, and après-fire ritual.','A modern lodge with soaring ceilings, radiant heat, and mudroom built for serious ski weeks. Ideal for teams needing workspace and wellness space between mountain days.','Ski-in Ski-out','1850 Moose Wilson Road','Jackson','Wyoming','United States','83001',43.4799,-110.7624,9,4,4.5,5,'Two primary-caliber suites; bunk room; loft king.','No outdoor shoes past mudroom. Hot tub closes at midnight.','4pm / 10am during peak.','Snow dates negotiated directly with homeowner.',310000,'Boot dryers and gear storage included.',5,'published',0,CURRENT_TIMESTAMP(3),CURRENT_TIMESTAMP(3));
INSERT INTO `ListingImage` (`id`,`listingId`,`url`,`sortOrder`,`alt`,`createdAt`) VALUES ('cseedimg000009','cseedlistjackson000000001','https://images.unsplash.com/photo-1600585154084-4e5fe7c39198?w=1600&q=80',0,'Jackson Hole Timber Peaks',CURRENT_TIMESTAMP(3));
INSERT INTO `ListingImage` (`id`,`listingId`,`url`,`sortOrder`,`alt`,`createdAt`) VALUES ('cseedimg000010','cseedlistjackson000000001','https://images.unsplash.com/photo-1600573472592-401b489a3cdc?w=1600&q=80',1,'Jackson Hole Timber Peaks',CURRENT_TIMESTAMP(3));
INSERT INTO `ListingAmenity` (`listingId`,`amenityId`) VALUES ('cseedlistjackson000000001','cseedamenskil0000000001');
INSERT INTO `ListingAmenity` (`listingId`,`amenityId`) VALUES ('cseedlistjackson000000001','cseedamenhtub00000000001');
INSERT INTO `ListingAmenity` (`listingId`,`amenityId`) VALUES ('cseedlistjackson000000001','cseedamenfpl00000000001');
INSERT INTO `ListingAmenity` (`listingId`,`amenityId`) VALUES ('cseedlistjackson000000001','cseedamenhthe00000000001');
INSERT INTO `AvailabilityBlock` (`id`,`listingId`,`startDate`,`endDate`,`type`,`note`,`createdAt`) VALUES ('cseedavail0009booked','cseedlistjackson000000001','2026-01-20','2026-01-28','booked','Private booking',CURRENT_TIMESTAMP(3));
INSERT INTO `AvailabilityBlock` (`id`,`listingId`,`startDate`,`endDate`,`type`,`note`,`createdAt`) VALUES ('cseedavail0010block','cseedlistjackson000000001','2026-02-10','2026-02-14','booked','Owner maintenance',CURRENT_TIMESTAMP(3));
INSERT INTO `Listing` (`id`,`ownerId`,`slug`,`title`,`summary`,`description`,`propertyType`,`addressLine1`,`city`,`state`,`country`,`postalCode`,`latitude`,`longitude`,`maxGuests`,`bedrooms`,`bathrooms`,`beds`,`sleepingArrangements`,`houseRules`,`checkInOut`,`cancellationPolicy`,`nightlyRateCents`,`cleaningFeeNote`,`minNights`,`status`,`featured`,`createdAt`,`updatedAt`) VALUES ('cseedlist30a000000000001','cseedusrowner3000000001','30a-dune-house','30A Dune House','Sugar-white interiors, dune decks, and bikes for the timber trail.','A coastal modern home set back from the bustle with curated art and a kitchen designed for long-table dinners after beach sunsets.','Beach House','110 Dune Allen Lane','Santa Rosa Beach','Florida','United States','32459',30.3166,-86.1164,8,4,3.5,5,'Two kings; two queens; twin trundle room.','Rooftop quiet after 10pm. No fireworks.','Meet at property or lockbox.','Owner handles all refunds and rebooks.',198000,'Sand management fee may apply for large groups.',4,'published',0,CURRENT_TIMESTAMP(3),CURRENT_TIMESTAMP(3));
INSERT INTO `ListingImage` (`id`,`listingId`,`url`,`sortOrder`,`alt`,`createdAt`) VALUES ('cseedimg000011','cseedlist30a000000000001','https://images.unsplash.com/photo-1600585154363-67eb9e2e2099?w=1600&q=80',0,'30A Dune House',CURRENT_TIMESTAMP(3));
INSERT INTO `ListingImage` (`id`,`listingId`,`url`,`sortOrder`,`alt`,`createdAt`) VALUES ('cseedimg000012','cseedlist30a000000000001','https://images.unsplash.com/photo-1600566752355-35792bedcfea?w=1600&q=80',1,'30A Dune House',CURRENT_TIMESTAMP(3));
INSERT INTO `ListingAmenity` (`listingId`,`amenityId`) VALUES ('cseedlist30a000000000001','cseedamenocean000000001');
INSERT INTO `ListingAmenity` (`listingId`,`amenityId`) VALUES ('cseedlist30a000000000001','cseedamenpool00000000001');
INSERT INTO `ListingAmenity` (`listingId`,`amenityId`) VALUES ('cseedlist30a000000000001','cseedamenckit00000000001');
INSERT INTO `AvailabilityBlock` (`id`,`listingId`,`startDate`,`endDate`,`type`,`note`,`createdAt`) VALUES ('cseedavail0011booked','cseedlist30a000000000001','2026-01-20','2026-01-28','booked','Private booking',CURRENT_TIMESTAMP(3));
INSERT INTO `AvailabilityBlock` (`id`,`listingId`,`startDate`,`endDate`,`type`,`note`,`createdAt`) VALUES ('cseedavail0012block','cseedlist30a000000000001','2026-02-10','2026-02-14','booked','Owner maintenance',CURRENT_TIMESTAMP(3));
INSERT INTO `Listing` (`id`,`ownerId`,`slug`,`title`,`summary`,`description`,`propertyType`,`addressLine1`,`city`,`state`,`country`,`postalCode`,`latitude`,`longitude`,`maxGuests`,`bedrooms`,`bathrooms`,`beds`,`sleepingArrangements`,`houseRules`,`checkInOut`,`cancellationPolicy`,`nightlyRateCents`,`cleaningFeeNote`,`minNights`,`status`,`featured`,`createdAt`,`updatedAt`) VALUES ('cseedlistpalms0000000001','cseedusrowner3000000001','palm-springs-modern-oasis','Palm Springs Modern Oasis','Courtyard pool, mountain silhouette, and gallery-white walls.','Classic desert modern lines with new systems and a primary suite that opens to water and sky. Perfect for groups who want calm, not crowds.','Desert Oasis','780 Vista Chino','Palm Springs','California','United States','92264',33.8003,-116.5406,6,3,3,3,'Three king suites; one converts to twins on request.','No amplified music outdoors. Respect neighbors'' privacy.','4pm / 11am.','Direct homeowner agreement.',165000,'Pool heat quoted separately in season.',3,'published',0,CURRENT_TIMESTAMP(3),CURRENT_TIMESTAMP(3));
INSERT INTO `ListingImage` (`id`,`listingId`,`url`,`sortOrder`,`alt`,`createdAt`) VALUES ('cseedimg000013','cseedlistpalms0000000001','https://images.unsplash.com/photo-1600607687920-4e2a09cf159d?w=1600&q=80',0,'Palm Springs Modern Oasis',CURRENT_TIMESTAMP(3));
INSERT INTO `ListingImage` (`id`,`listingId`,`url`,`sortOrder`,`alt`,`createdAt`) VALUES ('cseedimg000014','cseedlistpalms0000000001','https://images.unsplash.com/photo-1600566753086-00f18fb6b3ea?w=1600&q=80',1,'Palm Springs Modern Oasis',CURRENT_TIMESTAMP(3));
INSERT INTO `ListingAmenity` (`listingId`,`amenityId`) VALUES ('cseedlistpalms0000000001','cseedamenpool00000000001');
INSERT INTO `ListingAmenity` (`listingId`,`amenityId`) VALUES ('cseedlistpalms0000000001','cseedamengym000000000001');
INSERT INTO `ListingAmenity` (`listingId`,`amenityId`) VALUES ('cseedlistpalms0000000001','cseedamenfpl00000000001');
INSERT INTO `ListingAmenity` (`listingId`,`amenityId`) VALUES ('cseedlistpalms0000000001','cseedamenevc00000000001');
INSERT INTO `AvailabilityBlock` (`id`,`listingId`,`startDate`,`endDate`,`type`,`note`,`createdAt`) VALUES ('cseedavail0013booked','cseedlistpalms0000000001','2026-01-20','2026-01-28','booked','Private booking',CURRENT_TIMESTAMP(3));
INSERT INTO `AvailabilityBlock` (`id`,`listingId`,`startDate`,`endDate`,`type`,`note`,`createdAt`) VALUES ('cseedavail0014block','cseedlistpalms0000000001','2026-02-10','2026-02-14','booked','Owner maintenance',CURRENT_TIMESTAMP(3));
INSERT INTO `Listing` (`id`,`ownerId`,`slug`,`title`,`summary`,`description`,`propertyType`,`addressLine1`,`city`,`state`,`country`,`postalCode`,`latitude`,`longitude`,`maxGuests`,`bedrooms`,`bathrooms`,`beds`,`sleepingArrangements`,`houseRules`,`checkInOut`,`cancellationPolicy`,`nightlyRateCents`,`cleaningFeeNote`,`minNights`,`status`,`featured`,`createdAt`,`updatedAt`) VALUES ('cseedlistparkct0000000001','cseedusrowner2000000001','park-city-ledger-chalet','Park City Ledger Chalet','Warm minimalism, après terrace, and quick canyon access.','A refined chalet with layered textures, a statement kitchen, and a lower-level lounge wired for screenings and strategy sessions alike.','Mountain Lodge','2650 Aspen Springs Drive','Park City','Utah','United States','84060',40.6461,-111.498,11,5,5,6,'Two primary suites; bunk room; two queens; office sleeper.','No smoking. Garage EV plug shared schedule.','4pm / 10am peak weeks.','Owner-managed; peak holiday weeks non-refundable once contracted.',295000,'Shuttle coordination available through owner.',4,'published',1,CURRENT_TIMESTAMP(3),CURRENT_TIMESTAMP(3));
INSERT INTO `ListingImage` (`id`,`listingId`,`url`,`sortOrder`,`alt`,`createdAt`) VALUES ('cseedimg000015','cseedlistparkct0000000001','https://images.unsplash.com/photo-1600585154526-990dced4db0d?w=1600&q=80',0,'Park City Ledger Chalet',CURRENT_TIMESTAMP(3));
INSERT INTO `ListingImage` (`id`,`listingId`,`url`,`sortOrder`,`alt`,`createdAt`) VALUES ('cseedimg000016','cseedlistparkct0000000001','https://images.unsplash.com/photo-1600047509358-9dc75507daeb?w=1600&q=80',1,'Park City Ledger Chalet',CURRENT_TIMESTAMP(3));
INSERT INTO `ListingAmenity` (`listingId`,`amenityId`) VALUES ('cseedlistparkct0000000001','cseedamenskil0000000001');
INSERT INTO `ListingAmenity` (`listingId`,`amenityId`) VALUES ('cseedlistparkct0000000001','cseedamenhthe00000000001');
INSERT INTO `ListingAmenity` (`listingId`,`amenityId`) VALUES ('cseedlistparkct0000000001','cseedamenhtub00000000001');
INSERT INTO `ListingAmenity` (`listingId`,`amenityId`) VALUES ('cseedlistparkct0000000001','cseedamenckit00000000001');
INSERT INTO `AvailabilityBlock` (`id`,`listingId`,`startDate`,`endDate`,`type`,`note`,`createdAt`) VALUES ('cseedavail0015booked','cseedlistparkct0000000001','2026-01-20','2026-01-28','booked','Private booking',CURRENT_TIMESTAMP(3));
INSERT INTO `AvailabilityBlock` (`id`,`listingId`,`startDate`,`endDate`,`type`,`note`,`createdAt`) VALUES ('cseedavail0016block','cseedlistparkct0000000001','2026-02-10','2026-02-14','booked','Owner maintenance',CURRENT_TIMESTAMP(3));
INSERT INTO `Listing` (`id`,`ownerId`,`slug`,`title`,`summary`,`description`,`propertyType`,`addressLine1`,`city`,`state`,`country`,`postalCode`,`latitude`,`longitude`,`maxGuests`,`bedrooms`,`bathrooms`,`beds`,`sleepingArrangements`,`houseRules`,`checkInOut`,`cancellationPolicy`,`nightlyRateCents`,`cleaningFeeNote`,`minNights`,`status`,`featured`,`createdAt`,`updatedAt`) VALUES ('cseedlistsonoma0000000001','cseedusrowner2000000001','sonoma-hill-villa','Sonoma Hill Villa','Olive trees, long sunsets, and a kitchen built for collaboration.','Hilltop privacy minutes from Sonoma Plaza. Indoor-outdoor flow with a fire-lit courtyard and a study that doubles as a quiet war room.','Wine Country Retreat','880 Castle Road','Sonoma','California','United States','95476',38.2952,-122.4587,8,4,4,4,'All king-bedded suites; office with sleeper.','Events up to 16 with approval. No drones.','Flexible with notice.','Handled directly with homeowner.',245000,'Optional daily tidy via owner''s team.',3,'published',0,CURRENT_TIMESTAMP(3),CURRENT_TIMESTAMP(3));
INSERT INTO `ListingImage` (`id`,`listingId`,`url`,`sortOrder`,`alt`,`createdAt`) VALUES ('cseedimg000017','cseedlistsonoma0000000001','https://images.unsplash.com/photo-1600585154340-be6161a56a0c?w=1600&q=80',0,'Sonoma Hill Villa',CURRENT_TIMESTAMP(3));
INSERT INTO `ListingImage` (`id`,`listingId`,`url`,`sortOrder`,`alt`,`createdAt`) VALUES ('cseedimg000018','cseedlistsonoma0000000001','https://images.unsplash.com/photo-1600585154526-990dced4db0d?w=1600&q=80',1,'Sonoma Hill Villa',CURRENT_TIMESTAMP(3));
INSERT INTO `ListingAmenity` (`listingId`,`amenityId`) VALUES ('cseedlistsonoma0000000001','cseedamenwcel00000000001');
INSERT INTO `ListingAmenity` (`listingId`,`amenityId`) VALUES ('cseedlistsonoma0000000001','cseedamenpool00000000001');
INSERT INTO `ListingAmenity` (`listingId`,`amenityId`) VALUES ('cseedlistsonoma0000000001','cseedamenckit00000000001');
INSERT INTO `ListingAmenity` (`listingId`,`amenityId`) VALUES ('cseedlistsonoma0000000001','cseedamendtwk00000000001');
INSERT INTO `AvailabilityBlock` (`id`,`listingId`,`startDate`,`endDate`,`type`,`note`,`createdAt`) VALUES ('cseedavail0017booked','cseedlistsonoma0000000001','2026-01-20','2026-01-28','booked','Private booking',CURRENT_TIMESTAMP(3));
INSERT INTO `AvailabilityBlock` (`id`,`listingId`,`startDate`,`endDate`,`type`,`note`,`createdAt`) VALUES ('cseedavail0018block','cseedlistsonoma0000000001','2026-02-10','2026-02-14','booked','Owner maintenance',CURRENT_TIMESTAMP(3));
INSERT INTO `Listing` (`id`,`ownerId`,`slug`,`title`,`summary`,`description`,`propertyType`,`addressLine1`,`city`,`state`,`country`,`postalCode`,`latitude`,`longitude`,`maxGuests`,`bedrooms`,`bathrooms`,`beds`,`sleepingArrangements`,`houseRules`,`checkInOut`,`cancellationPolicy`,`nightlyRateCents`,`cleaningFeeNote`,`minNights`,`status`,`featured`,`createdAt`,`updatedAt`) VALUES ('cseedlisttelluride0000001','cseedusrowner1000000001','telluride-alpine-loft','Telluride Alpine Loft','Skybridge views, layered stone, and a kitchen for fireside suppers.','Perched for alpenglow, this lofted residence pairs rugged materials with quiet luxury—ideal for small groups who want walkable charm and serious comfort.','Mountain Lodge','220 S Oak Street','Telluride','Colorado','United States','81435',37.9375,-107.8123,6,3,3.5,4,'Three bedrooms: two kings, one queen; loft sitting area.','HOA quiet hours enforced.','Meet greeter at lobby.','Owner-managed.',220000,'Gear storage in building.',4,'published',0,CURRENT_TIMESTAMP(3),CURRENT_TIMESTAMP(3));
INSERT INTO `ListingImage` (`id`,`listingId`,`url`,`sortOrder`,`alt`,`createdAt`) VALUES ('cseedimg000019','cseedlisttelluride0000001','https://images.unsplash.com/photo-1600585154084-4e5fe7c39198?w=1600&q=80',0,'Telluride Alpine Loft',CURRENT_TIMESTAMP(3));
INSERT INTO `ListingImage` (`id`,`listingId`,`url`,`sortOrder`,`alt`,`createdAt`) VALUES ('cseedimg000020','cseedlisttelluride0000001','https://images.unsplash.com/photo-1600566753190-17f0baa2a6c3?w=1600&q=80',1,'Telluride Alpine Loft',CURRENT_TIMESTAMP(3));
INSERT INTO `ListingAmenity` (`listingId`,`amenityId`) VALUES ('cseedlisttelluride0000001','cseedamenfpl00000000001');
INSERT INTO `ListingAmenity` (`listingId`,`amenityId`) VALUES ('cseedlisttelluride0000001','cseedamenmvue00000000001');
INSERT INTO `ListingAmenity` (`listingId`,`amenityId`) VALUES ('cseedlisttelluride0000001','cseedamenskil0000000001');
INSERT INTO `AvailabilityBlock` (`id`,`listingId`,`startDate`,`endDate`,`type`,`note`,`createdAt`) VALUES ('cseedavail0019booked','cseedlisttelluride0000001','2026-01-20','2026-01-28','booked','Private booking',CURRENT_TIMESTAMP(3));
INSERT INTO `AvailabilityBlock` (`id`,`listingId`,`startDate`,`endDate`,`type`,`note`,`createdAt`) VALUES ('cseedavail0020block','cseedlisttelluride0000001','2026-02-10','2026-02-14','booked','Owner maintenance',CURRENT_TIMESTAMP(3));

INSERT INTO `Conversation` (`id`,`listingId`,`ownerId`,`renterName`,`renterEmail`,`renterPhone`,`renterUserId`,`checkIn`,`checkOut`,`guestCount`,`mailThreadToken`,`createdAt`,`updatedAt`) VALUES ('cseedconv00000000000001','cseedlistaspen00000000001','cseedusrowner1000000001','Jordan Lee','renter@luxpads.co','+1 415 555 0199','cseedusrrenter000000001','2026-03-01','2026-03-06',4,'cafebabecafebabecafebabecafebabecafebabecafebabe',CURRENT_TIMESTAMP(3),CURRENT_TIMESTAMP(3));
INSERT INTO `Message` (`id`,`conversationId`,`senderRole`,`body`,`createdAt`,`readByOwnerAt`,`readByRenterAt`) VALUES ('cseedmsg00000000000001','cseedconv00000000000001','renter','We''re a small production team looking for a quiet stay with strong Wi‑Fi and space for 4. Could you share your direct booking process and any references?',CURRENT_TIMESTAMP(3),NULL,NULL);

INSERT INTO `FeaturedDestination` (`id`,`slug`,`name`,`subtitle`,`imageUrl`,`sortOrder`,`active`) VALUES ('cseeddestaspen0000000001','aspen','Aspen & Snowmass','Peak season energy, Rocky Mountain calm','https://images.unsplash.com/photo-1600596542815-ffad4c1539a9?w=1200&q=80',0,1);
INSERT INTO `FeaturedDestination` (`id`,`slug`,`name`,`subtitle`,`imageUrl`,`sortOrder`,`active`) VALUES ('cseeddestmalibu000000001','malibu','Malibu Coast','Pacific light, private decks','https://images.unsplash.com/photo-1613490493576-7fde63acd811?w=1200&q=80',1,1);
INSERT INTO `FeaturedDestination` (`id`,`slug`,`name`,`subtitle`,`imageUrl`,`sortOrder`,`active`) VALUES ('cseeddestnapa00000000001','napa-sonoma','Napa & Sonoma','Wine country weekends that linger','https://images.unsplash.com/photo-1600585154526-990dced4db0d?w=1200&q=80',2,1);
INSERT INTO `FeaturedDestination` (`id`,`slug`,`name`,`subtitle`,`imageUrl`,`sortOrder`,`active`) VALUES ('cseeddestpark0000000001','park-city','Park City','Mountain town polish','https://images.unsplash.com/photo-1600585154526-990dced4db0d?w=1200&q=80',3,1);

INSERT INTO `AdminAction` (`id`,`adminId`,`action`,`targetType`,`targetId`,`metadata`,`createdAt`) VALUES ('cseedadminact0000000001','cseedusradmin00000000001','sql_sample_import','system','sample-data',CAST('{"listings":10}' AS JSON),CURRENT_TIMESTAMP(3));
